target,alg,d,eta,gamma,value
anisotropic_gaussian,BAOAB,2,1.9,0.5,0.001281449838791502
anisotropic_gaussian,BAOAB,4,1.9,0.5,0.001275200796594747
anisotropic_gaussian,BAOAB,10,1.9,0.5,0.001313770806092818
anisotropic_gaussian,BAOAB,20,1.9,0.5,0.0006534891454674854
anisotropic_gaussian,BAOAB,50,1.9,0.5,0.0007191088503231081
anisotropic_gaussian,BAOAB,100,1.9,0.5,0.0007997002211554684
anisotropic_gaussian,BAOAB,200,1.9,0.5,0.0008523815235144325
anisotropic_gaussian,BAOAB,500,1.9,0.5,0.0007949230997687626
anisotropic_gaussian,BAOAB,1000,1.9,0.5,0.0007959409152256932
anisotropic_gaussian,MALA,2,3.0,,0.005100132921702176
anisotropic_gaussian,MALA,4,4.0,,0.003408962189416323
anisotropic_gaussian,MALA,10,3.0,,0.004136042364405903
anisotropic_gaussian,MALA,20,1.0,,0.003002903019263349
anisotropic_gaussian,MALA,50,1.0,,0.005117467477724323
anisotropic_gaussian,MALA,100,0.7,,0.006842452985395845
anisotropic_gaussian,MALA,200,0.7,,0.009177657984544129
anisotropic_gaussian,MALA,500,0.35,,0.01268253478865424
anisotropic_gaussian,MALA,1000,0.35,,0.01492913254760382
anisotropic_gaussian,ULA,2,0.3,,0.0136159020356333
anisotropic_gaussian,ULA,4,0.3,,0.01077333013965372
anisotropic_gaussian,ULA,10,0.3,,0.0109635302122778
anisotropic_gaussian,ULA,20,0.5,,0.009604834283256428
anisotropic_gaussian,ULA,50,0.5,,0.01045120919722887
anisotropic_gaussian,ULA,100,0.5,,0.009483644523424473
anisotropic_gaussian,ULA,200,0.5,,0.00947888392744512
anisotropic_gaussian,ULA,500,0.5,,0.009664770354503908
anisotropic_gaussian,ULA,1000,0.5,,0.009492156522929061
banana,BAOAB,2,0.5,0.5,0.003952562143828015
banana,BAOAB,4,1.0,1.0,0.002693151275362122
banana,BAOAB,10,0.5,0.5,0.005878820265785678
banana,BAOAB,20,0.5,0.5,0.004499806081039314
banana,BAOAB,50,0.5,0.5,0.005191349105482447
banana,BAOAB,100,0.5,0.5,0.005228919865916754
banana,BAOAB,200,0.5,0.5,0.005386011383978291
banana,BAOAB,500,0.25,0.5,0.01029349052833159
banana,BAOAB,1000,0.25,0.5,0.01152919341777692
banana,MALA,2,2.0,,0.007103039316048885
banana,MALA,4,0.5,,0.008823953054341327
banana,MALA,10,0.5,,0.01837181676715603
banana,MALA,20,0.5,,0.02011166538182256
banana,MALA,50,0.2,,0.04398805985506048
banana,MALA,100,0.2,,0.03530933224192281
banana,MALA,200,0.1,,0.1603711228631496
banana,MALA,500,0.05,,1.398972937571364
banana,MALA,1000,0.05,,2.915458180228122
banana,ULA,2,0.2,,0.009206454379489373
banana,ULA,4,0.1,,0.01659018807561799
banana,ULA,10,0.2,,0.0189052409967498
banana,ULA,20,0.2,,0.01290552135541136
banana,ULA,50,0.2,,0.02056623791420392
banana,ULA,100,0.2,,0.01785154748053617
banana,ULA,200,0.25,,0.01526821116187734
banana,ULA,500,0.12,,0.04074347278440324
banana,ULA,1000,0.12,,0.04249092799056809
double_well,BAOAB,2,0.05,2.0,0.004486462861411855
double_well,BAOAB,4,0.1,2.0,0.005498599392415638
double_well,BAOAB,10,0.1,2.0,0.006928661756310583
double_well,BAOAB,20,0.1,2.0,0.00661672117773667
double_well,BAOAB,50,0.1,2.0,0.00711953986267933
double_well,BAOAB,100,0.1,2.0,0.007590552279651521
double_well,BAOAB,200,0.2,2.0,0.005206001896464646
double_well,BAOAB,500,0.2,2.0,0.005282996066425109
double_well,BAOAB,1000,0.2,2.0,0.005180188633371456
double_well,MALA,2,0.02,,0.003150515762500889
double_well,MALA,4,0.02,,0.006581481426761467
double_well,MALA,10,0.01,,0.01231995890644547
double_well,MALA,20,0.005,,0.0145844499859301
double_well,MALA,50,0.01,,0.01482333241108204
double_well,MALA,100,0.005,,0.01803108631048687
double_well,MALA,200,0.005,,0.01972798915012
double_well,MALA,500,0.0025,,0.02746747959184545
double_well,MALA,1000,0.0025,,0.03258692933067659
double_well,ULA,2,0.01,,0.003113591009283249
double_well,ULA,4,0.01,,0.00367201996188389
double_well,ULA,10,0.01,,0.003502317250724143
double_well,ULA,20,0.01,,0.003624952526964401
double_well,ULA,50,0.01,,0.003818659335333504
double_well,ULA,100,0.01,,0.003726496729460109
double_well,ULA,200,0.015,,0.003324543436201897
double_well,ULA,500,0.015,,0.003341670189328746
double_well,ULA,1000,0.015,,0.00334414860799478
funnel,BAOAB,2,0.05,0.5,0.001904672791386668
funnel,BAOAB,4,0.05,0.5,0.003637668573081481
funnel,BAOAB,10,0.05,0.5,0.009509625365627201
funnel,BAOAB,20,0.2,1.0,0.01401969318096225
funnel,BAOAB,50,0.1,2.0,0.02914034121068524
funnel,BAOAB,100,0.1,1.0,0.03645631317006242
funnel,BAOAB,200,0.1,1.0,0.08566228566496037
funnel,BAOAB,500,0.05,2.0,0.1790680734586342
funnel,BAOAB,1000,0.006,1.0,0.243900502126317
funnel,MALA,2,0.2,,0.003109558506053716
funnel,MALA,4,0.05,,0.008864722413181373
funnel,MALA,10,0.1,,0.026589142621828
funnel,MALA,20,0.1,,0.04182318954525207
funnel,MALA,50,0.02,,0.05929052252739496
funnel,MALA,100,0.01,,0.1157924031548209
funnel,MALA,200,0.015,,0.1637801991866183
funnel,MALA,500,0.005,,0.2359305247181162
funnel,MALA,1000,0.0013,,0.2771985489734678
funnel,ULA,2,0.02,,0.01404615936419424
funnel,ULA,4,0.01,,0.0245956154736587
funnel,ULA,10,0.005,,0.05449216161162468
funnel,ULA,20,0.01,,0.1011884720778824
funnel,ULA,50,0.01,,0.1245272822494538
funnel,ULA,100,0.005,,0.1716778845246574
funnel,ULA,200,0.0075,,0.1902553418800862
funnel,ULA,500,0.0075,,0.2159707150903919
funnel,ULA,1000,0.005,,0.1843401437189956
gaussian_mixture,BAOAB,2,1.5,2.0,0.003035756371593542
gaussian_mixture,BAOAB,4,1.0,0.5,0.004648680477309122
gaussian_mixture,BAOAB,10,1.0,0.5,0.004522172003134149
gaussian_mixture,BAOAB,20,1.0,0.5,0.004778095794036014
gaussian_mixture,BAOAB,50,1.0,0.5,0.003806020178803299
gaussian_mixture,BAOAB,100,1.0,1.0,0.005369200871164674
gaussian_mixture,BAOAB,200,0.5,0.5,0.004704089272143433
gaussian_mixture,BAOAB,500,1.5,2.0,0.004182198149514818
gaussian_mixture,BAOAB,1000,1.0,1.0,0.004843683431669596
gaussian_mixture,MALA,2,0.3,,0.009313158651743744
gaussian_mixture,MALA,4,0.5,,0.01010939047891913
gaussian_mixture,MALA,10,0.3,,0.01518479900032163
gaussian_mixture,MALA,20,0.3,,0.02060446129773202
gaussian_mixture,MALA,50,0.5,,0.02483083709674512
gaussian_mixture,MALA,100,0.3,,0.01276845009770122
gaussian_mixture,MALA,200,0.3,,0.02918500096005723
gaussian_mixture,MALA,500,0.04,,0.05109479020942619
gaussian_mixture,MALA,1000,0.075,,0.04513793960074554
gaussian_mixture,ULA,2,0.3,,0.008610490711767114
gaussian_mixture,ULA,4,0.3,,0.008135555194783392
gaussian_mixture,ULA,10,0.3,,0.009671877577099645
gaussian_mixture,ULA,20,0.3,,0.008693319953346717
gaussian_mixture,ULA,50,0.3,,0.008082086925603341
gaussian_mixture,ULA,100,0.3,,0.008083271732725241
gaussian_mixture,ULA,200,0.3,,0.008006676223400865
gaussian_mixture,ULA,500,0.15,,0.007911264629551206
gaussian_mixture,ULA,1000,0.3,,0.009867645051156199
