target,params,alg,eta,gamma,b2g,lo,hi
anisotropic_gaussian,kappa=10.0,BAOAB,1.9,0.5,4.4538923662047576e-05,3.556402308953254e-05,5.751152231299093e-05
anisotropic_gaussian,kappa=10.0,MALA,1.0,,0.0001036418261298532,8.626189592024211e-05,0.00018542550429442758
anisotropic_gaussian,kappa=10.0,ULA,0.1,,0.0014635020566703086,0.0009877407023737002,0.002214513783564533
anisotropic_gaussian,kappa=100.0,BAOAB,1.9,0.5,0.00014152695066578278,7.337536801913078e-05,0.00030050843554408886
anisotropic_gaussian,kappa=100.0,MALA,1.0,,0.0004786139344055031,0.0003392086428725302,0.0006869810338156878
anisotropic_gaussian,kappa=100.0,ULA,0.3,,0.004433380175631685,0.003241543234805131,0.006300573881323289
anisotropic_gaussian,kappa=1000.0,BAOAB,1.9,0.5,0.0013137708060928174,0.0005420433956728725,0.0020876218392632947
anisotropic_gaussian,kappa=1000.0,MALA,3.0,,0.004136042364405903,0.003049682575609618,0.013392670397261167
anisotropic_gaussian,kappa=1000.0,ULA,0.3,,0.010963530212277795,0.006982494723262944,0.01841561996107501
banana,b=0.01,BAOAB,1.0,0.5,0.0013895920994553164,0.0008179811561024186,0.002014177391553504
banana,b=0.01,MALA,1.0,,0.0042385080145225995,0.002522856131328282,0.007672314229715717
banana,b=0.01,ULA,0.5,,0.005200419677395391,0.00342992497678381,0.00782967618039116
banana,b=0.03,BAOAB,0.5,0.5,0.005878820265785678,0.00447278013756036,0.009449856844746637
banana,b=0.03,MALA,0.5,,0.018371816767156025,0.013176206184057482,0.031214600010454285
banana,b=0.03,ULA,0.2,,0.018905240996749794,0.01318937246886681,0.028078509559129237
banana,b=0.1,BAOAB,0.2,0.5,0.04400010380941803,0.026843267803041172,0.11848075329118585
banana,b=0.1,MALA,0.02,,12.814586154589932,2.363582477150203,119.58502805420957
banana,b=0.1,ULA,0.02,,7.332797380583012,1.3289094904040752,44.573096901481286
double_well,beta=1.0,BAOAB,0.5,2.0,0.00013157129486118455,0.00011180379947058596,0.00017295636489341403
double_well,beta=1.0,MALA,0.3,,0.0001434252390651014,6.979131889554345e-05,0.00016336788998916915
double_well,beta=1.0,ULA,0.05,,0.0007786477420354837,0.0006189865583213668,0.0010683622110477275
double_well,beta=4.0,BAOAB,0.1,1.0,0.00038100253338803504,0.000300844483212538,0.0005048151756236698
double_well,beta=4.0,MALA,0.1,,0.0003849466864986656,0.00030806080576344227,0.0006166832112449618
double_well,beta=4.0,ULA,0.03,,0.0010280862294699397,0.0008953312444667755,0.001261035490408958
double_well,beta=8.0,BAOAB,0.1,2.0,0.0009528364138919948,0.0008442350705635969,0.001157529614330931
double_well,beta=8.0,MALA,0.05,,0.0011608462558987873,0.0008762667099431585,0.0016236441702898292
double_well,beta=8.0,ULA,0.01,,0.00185254526057233,0.0011302626052402639,0.0020442592591922025
funnel,sigma_v=1.0,BAOAB,0.2,1.0,0.0008424601652964464,0.00037193290627664667,0.001625314462789592
funnel,sigma_v=1.0,MALA,0.1,,0.0013985082747508754,0.0005099536777606953,0.0018725403843204765
funnel,sigma_v=1.0,ULA,0.01,,0.008008786077949016,0.003460761131447871,0.027937308926411296
funnel,sigma_v=2.0,BAOAB,0.05,0.5,0.009509625365627201,0.002809181161497301,0.024078919874214073
funnel,sigma_v=2.0,MALA,0.1,,0.026589142621828002,0.01925694761629912,0.03491690017010041
funnel,sigma_v=2.0,ULA,0.005,,0.05449216161162468,0.034027342177881434,0.13418263041334602
funnel,sigma_v=3.0,BAOAB,0.1,0.5,0.03392458002333724,0.0233172163408743,0.0860951280157945
funnel,sigma_v=3.0,MALA,0.1,,0.087749003344478,0.08137204391485867,0.10655655201024244
funnel,sigma_v=3.0,ULA,0.005,,0.11673559324807614,0.09740828181214617,0.18304576576054274
gaussian_mixture,"centers=(-4.0, 0.0, 4.0)",BAOAB,1.0,1.0,0.00027388106443647104,0.00017026694322090776,0.0011091281279844397
gaussian_mixture,"centers=(-4.0, 0.0, 4.0)",MALA,0.5,,0.0004935978449886295,0.00020978807740779304,0.0015292748551867478
gaussian_mixture,"centers=(-4.0, 0.0, 4.0)",ULA,0.1,,0.004007190223289744,0.0028361574149872626,0.008317934092067434
gaussian_mixture,"centers=(-6.0, 0.0, 6.0)",BAOAB,1.0,0.5,0.004522172003134149,0.0022466032620784815,0.013983462910968717
gaussian_mixture,"centers=(-6.0, 0.0, 6.0)",MALA,0.3,,0.015184799000321634,0.005455139350991213,0.05616061127034923
gaussian_mixture,"centers=(-6.0, 0.0, 6.0)",ULA,0.3,,0.009671877577099645,0.007893220264350681,0.017421112870811453
gaussian_mixture,"centers=(-8.0, 0.0, 8.0)",BAOAB,1.0,0.5,0.2111789856329725,0.1215505856780895,0.346790532390689
gaussian_mixture,"centers=(-8.0, 0.0, 8.0)",MALA,0.2,,0.42460990958231104,0.24152154087554034,0.9428155799753247
gaussian_mixture,"centers=(-8.0, 0.0, 8.0)",ULA,0.5,,0.10142859633448861,0.02855683395445892,0.17117655108744065
double_well,beta=16.0,BAOAB,0.1,2.0,0.006928661756310583,0.005445296275660282,0.009492957371612295
double_well,beta=16.0,MALA,0.01,,0.012319958906445466,0.008562048325671125,0.02086054327698389
double_well,beta=16.0,ULA,0.01,,0.003502317250724143,0.0027553169239343707,0.00509898392290245
double_well,beta=32.0,BAOAB,0.1,2.0,0.24751380028072556,0.22709681840200435,0.3056811293986919
double_well,beta=32.0,MALA,0.005,,0.40614349847308284,0.35540566624840486,0.4327702287395668
double_well,beta=32.0,ULA,0.01,,0.022115468168685024,0.01461750625952211,0.032764844809918134
gaussian_mixture,"centers=(-7.0, 0.0, 7.0)",BAOAB,1.5,0.5,0.030628655095872096,0.011605481775451098,0.08123478613865577
gaussian_mixture,"centers=(-7.0, 0.0, 7.0)",MALA,0.2,,0.08909109025494165,0.03876731326548501,0.24096805014890477
gaussian_mixture,"centers=(-7.0, 0.0, 7.0)",ULA,0.5,,0.02833472454170853,0.02775097725883456,0.03403991237870922
