target,alg,b2_50k,b2_1M,b2_ratio,b2_slope,ks_50k,ks_1M,ks_ratio,ks_slope,pass_50k,pass_1M
banana,BAOAB,0.003899085525450801,0.0002387039466635642,0.061220495191873475,-0.9307961529259364,0.03619592633096816,0.006846145231711776,0.18914131853159447,-0.533333113837369,True,True
banana,MALA,0.02165437709180183,0.0009414458249257591,0.04347600584097073,-1.0185677883319793,0.07030757427214093,0.01241526586380119,0.17658504069199105,-0.5583041581267717,False,True
banana,ULA,0.01175476616236192,0.001546414584464667,0.13155638854103255,-0.7269123739769795,0.0696791081285289,0.01514396611182342,0.2173386904420349,-0.49934600199250473,False,True
double_well,BAOAB,0.006247690587209779,0.0002390144206592205,0.038256443292587,-1.1308377133232321,0.04995803052176151,0.00949222762241177,0.19000403985655512,-0.5634660258051866,True,True
double_well,MALA,0.01285545567606411,0.0006424259840777707,0.04997302314797908,-1.0270928947189055,0.07213172593289398,0.01517546167275638,0.2103853952818834,-0.5320887738954461,False,True
double_well,ULA,0.003497074823944901,0.0007103904479723059,0.20313847536466054,-0.5457881925001181,0.04083510681824328,0.01737622291675674,0.42552167168554655,-0.28733379265576936,True,True
funnel,BAOAB,0.01772790692714963,0.006396180354627586,0.3607972661923261,-0.369078910521643,0.04647801263896581,0.0264059500705279,0.568138536293394,-0.20804094056606912,False,True
funnel,MALA,0.04218950364745924,0.01838640256223092,0.4358051404413286,-0.26301194544293705,0.0920935272680966,0.05857352422092902,0.6360221609322623,-0.1627735378932763,False,False
funnel,ULA,0.1131808273006324,0.04596909927800868,0.40615624018991264,-0.3126656453419339,0.2015441222958307,0.09923115094534636,0.4923544770990284,-0.25134290938706805,False,False
gaussian_mixture,BAOAB,0.008103784639035123,0.0009559087024934336,0.11795830529465415,-0.7418388067542241,0.007055293404897386,0.00192168111751032,0.2723743730028857,-0.44542363480379127,True,True
gaussian_mixture,MALA,0.01689386718822583,0.000994368776311247,0.0588597486432397,-0.9524747311299739,0.01122484037767979,0.002270692363644872,0.2022917286342945,-0.5315613445979519,False,True
gaussian_mixture,ULA,0.008217006237690817,0.007790308037623865,0.9480713306374629,-0.016027849084789377,0.02466252448751483,0.02020774770040026,0.8193706086589084,-0.06512115564422712,True,True
